"","mode","concat","qlim","ntasks","cpuspt","Elapsed","ConsumedEnergy"
"1","hpc",32,50,2,16,00:00:27,"780"
"2","hpc",32,50,4,8,00:00:27,"784"
"3","hpc",32,50,8,4,00:00:27,"789"
"4","hpc",32,100,16,2,00:00:27,"771"
"5","hpc",16,2000,2,16,00:00:27,"775"
"6","hpc",32,50,1,32,00:00:28,"786"
"7","hpc",32,50,16,2,00:00:28,"787"
"8","hpc",32,50,32,1,00:00:28,"786"
"9","hpc",32,100,1,32,00:00:28,"787"
"10","hpc",32,100,4,8,00:00:28,"788"
"11","hpc",32,100,8,4,00:00:28,"799"
"12","hpc",32,2000,2,16,00:00:28,"798"
"13","hpc",32,2000,4,8,00:00:28,"812"
"14","hpc",32,2000,16,2,00:00:28,"782"
"15","hpc",32,2000,32,1,00:00:28,"783"
"16","hpc",32,4949,1,32,00:00:28,"778"
"17","hpc",32,4949,2,16,00:00:28,"788"
"18","hpc",32,4949,16,2,00:00:28,"791"
"19","hpc",32,4949,32,1,00:00:28,"796"
"20","hpc",16,50,1,32,00:00:28,"775"
"21","hpc",16,50,8,4,00:00:28,"780"
"22","hpc",16,100,1,32,00:00:28,"787"
"23","hpc",16,100,2,16,00:00:28,"784"
"24","hpc",16,100,8,4,00:00:28,"780"
"25","hpc",16,100,16,2,00:00:28,"789"
"26","hpc",16,100,32,1,00:00:28,"779"
"27","hpc",16,2000,4,8,00:00:28,"786"
"28","hpc",16,2000,8,4,00:00:28,"776"
"29","hpc",16,2000,16,2,00:00:28,"793"
"30","hpc",16,4949,1,32,00:00:28,"789"
"31","hpc",16,4949,2,16,00:00:28,"784"
"32","hpc",16,4949,16,2,00:00:28,"787"
"33","hpc",16,4949,32,1,00:00:28,"795"
"34","hpc",8,100,2,16,00:00:28,"807"
"35","hpc",8,100,4,8,00:00:28,"805"
"36","hpc",8,100,8,4,00:00:28,"797"
"37","hpc",8,100,32,1,00:00:28,"801"
"38","hpc",8,2000,4,8,00:00:28,"799"
"39","hpc",8,2000,8,4,00:00:28,"787"
"40","hpc",8,2000,32,1,00:00:28,"784"
"41","hpc",8,4949,16,2,00:00:28,"789"
"42","hpc",4,100,2,16,00:00:28,"806"
"43","hpc",4,4949,32,1,00:00:28,"802"
"44","hpc",32,100,2,16,00:00:29,"819"
"45","hpc",32,100,32,1,00:00:29,"813"
"46","hpc",32,2000,1,32,00:00:29,"786"
"47","hpc",32,2000,8,4,00:00:29,"796"
"48","hpc",32,4949,4,8,00:00:29,"794"
"49","hpc",32,4949,8,4,00:00:29,"813"
"50","hpc",16,50,2,16,00:00:29,"783"
"51","hpc",16,50,4,8,00:00:29,"785"
"52","hpc",16,50,16,2,00:00:29,"803"
"53","hpc",16,50,32,1,00:00:29,"795"
"54","hpc",16,100,4,8,00:00:29,"803"
"55","hpc",16,2000,1,32,00:00:29,"803"
"56","hpc",16,2000,32,1,00:00:29,"789"
"57","hpc",16,4949,4,8,00:00:29,"807"
"58","hpc",16,4949,8,4,00:00:29,"811"
"59","hpc",8,50,1,32,00:00:29,"810"
"60","hpc",8,50,2,16,00:00:29,"810"
"61","hpc",8,50,4,8,00:00:29,"818"
"62","hpc",8,50,8,4,00:00:29,"822"
"63","hpc",8,50,16,2,00:00:29,"817"
"64","hpc",8,100,1,32,00:00:29,"807"
"65","hpc",8,100,16,2,00:00:29,"812"
"66","hpc",8,2000,1,32,00:00:29,"839"
"67","hpc",8,2000,2,16,00:00:29,"812"
"68","hpc",8,2000,16,2,00:00:29,"813"
"69","hpc",8,4949,1,32,00:00:29,"799"
"70","hpc",8,4949,2,16,00:00:29,"799"
"71","hpc",8,4949,4,8,00:00:29,"805"
"72","hpc",8,4949,8,4,00:00:29,"796"
"73","hpc",8,4949,32,1,00:00:29,"806"
"74","hpc",4,50,1,32,00:00:29,"817"
"75","hpc",4,50,16,2,00:00:29,"836"
"76","hpc",4,50,32,1,00:00:29,"827"
"77","hpc",4,100,1,32,00:00:29,"812"
"78","hpc",4,100,4,8,00:00:29,"818"
"79","hpc",4,100,8,4,00:00:29,"822"
"80","hpc",4,100,32,1,00:00:29,"814"
"81","hpc",4,2000,1,32,00:00:29,"806"
"82","hpc",4,2000,8,4,00:00:29,"830"
"83","hpc",4,2000,16,2,00:00:29,"811"
"84","hpc",4,2000,32,1,00:00:29,"821"
"85","hpc",4,4949,8,4,00:00:29,"826"
"86","hpc",4,4949,16,2,00:00:29,"819"
"87","hpc",8,50,32,1,00:00:30,"832"
"88","hpc",4,50,2,16,00:00:30,"823"
"89","hpc",4,50,4,8,00:00:30,"850"
"90","hpc",4,50,8,4,00:00:30,"846"
"91","hpc",4,100,16,2,00:00:30,"814"
"92","hpc",4,2000,2,16,00:00:30,"825"
"93","hpc",4,2000,4,8,00:00:30,"845"
"94","hpc",4,4949,1,32,00:00:30,"818"
"95","hpc",4,4949,2,16,00:00:30,"815"
"96","hpc",4,4949,4,8,00:00:30,"828"
"97","hpc",2,4949,16,2,00:00:30,"852"
"98","hpc",2,50,8,4,00:00:39,"1.06K"
"99","hpc",2,100,2,16,00:00:39,"1.06K"
"100","hpc",2,100,8,4,00:00:39,"1.04K"
"101","hpc",2,2000,16,2,00:00:39,"1.06K"
"102","hpc",2,2000,32,1,00:00:39,"1.05K"
"103","hpc",2,4949,1,32,00:00:39,"1.07K"
"104","hpc",2,4949,2,16,00:00:39,"1.05K"
"105","hpc",2,4949,4,8,00:00:39,"1.05K"
"106","hpc",2,4949,8,4,00:00:39,"1.04K"
"107","hpc",2,50,1,32,00:00:40,"1.08K"
"108","hpc",2,50,2,16,00:00:40,"1.06K"
"109","hpc",2,50,16,2,00:00:40,"1.05K"
"110","hpc",2,50,32,1,00:00:40,"1.06K"
"111","hpc",2,100,1,32,00:00:40,"1.06K"
"112","hpc",2,100,4,8,00:00:40,"1.06K"
"113","hpc",2,100,32,1,00:00:40,"1.05K"
"114","hpc",2,2000,1,32,00:00:40,"1.05K"
"115","hpc",2,2000,2,16,00:00:40,"1.05K"
"116","hpc",2,2000,4,8,00:00:40,"1.05K"
"117","hpc",2,2000,8,4,00:00:40,"1.09K"
"118","hpc",2,4949,32,1,00:00:40,"1.07K"
"119","hpc",1,50,8,4,00:00:40,"1.07K"
"120","hpc",1,100,1,32,00:00:40,"1.09K"
"121","hpc",1,100,16,2,00:00:40,"1.09K"
"122","hpc",1,2000,4,8,00:00:40,"1.08K"
"123","hpc",1,2000,32,1,00:00:40,"1.07K"
"124","hpc",2,50,4,8,00:00:41,"1.08K"
"125","hpc",2,100,16,2,00:00:41,"1.07K"
"126","hpc",1,100,2,16,00:00:41,"1.09K"
"127","hpc",1,2000,1,32,00:00:41,"1.08K"
"128","hpc",1,4949,32,1,00:00:41,"1.09K"
"129","hpc",1,50,2,16,00:01:10,"1.74K"
"130","hpc",1,50,4,8,00:01:10,"1.73K"
"131","hpc",1,50,16,2,00:01:10,"1.76K"
"132","hpc",1,100,8,4,00:01:10,"1.73K"
"133","hpc",1,2000,8,4,00:01:10,"1.73K"
"134","hpc",1,2000,16,2,00:01:10,"1.72K"
"135","hpc",1,4949,1,32,00:01:10,"1.77K"
"136","hpc",1,4949,4,8,00:01:10,"1.73K"
"137","hpc",1,4949,8,4,00:01:10,"1.73K"
"138","hpc",1,4949,16,2,00:01:10,"1.72K"
"139","hpc",1,50,1,32,00:01:11,"1.75K"
"140","hpc",1,50,32,1,00:01:11,"1.73K"
"141","hpc",1,100,32,1,00:01:11,"1.76K"
"142","hpc",1,2000,2,16,00:01:11,"1.74K"
"143","hpc",1,4949,2,16,00:01:11,"1.74K"
"144","hpc",1,100,4,8,00:01:12,"1.75K"
"145","local",NA,NA,NA,NA,00:20:25,"192.94K"
"146","hpc",NA,NA,NA,NA,02:56:15,"45.27K"
"147","hpc",NA,NA,NA,NA,02:54:35,"45.86K"
"148","hpc",NA,NA,NA,NA,02:39:49,"53.93K"
"149","local",NA,NA,NA,NA,04:26:54,"2.60M"
"150","hpc",NA,NA,NA,NA,48:50:29,"708.99K"
